-- Truncate all tables in reverse order to avoid foreign key issues
TRUNCATE TABLE search_clicks RESTART IDENTITY CASCADE;
TRUNCATE TABLE search_metrics RESTART IDENTITY CASCADE;
TRUNCATE TABLE queries RESTART IDENTITY CASCADE;
TRUNCATE TABLE order_items RESTART IDENTITY CASCADE;
TRUNCATE TABLE orders RESTART IDENTITY CASCADE;
TRUNCATE TABLE customers RESTART IDENTITY CASCADE;
TRUNCATE TABLE products RESTART IDENTITY CASCADE;
TRUNCATE TABLE users RESTART IDENTITY CASCADE;
TRUNCATE TABLE categories RESTART IDENTITY CASCADE;
TRUNCATE TABLE organizations RESTART IDENTITY CASCADE;

-- Insert organizations
INSERT INTO organizations (name, email, password_hash, created_at) VALUES ('Amigos dos Animais', 'amigosdosanimais@ong.com', '$2b$10$S0BAdjm.thNhR8Zl.01bAegxO7dbFTTmqlCKTRPSN.CvnCQmTChtS', '2025-10-30 13:54:13');
INSERT INTO organizations (name, email, password_hash, created_at) VALUES ('Instituto Verde', 'institutoverde@ong.com', '$2b$10$S0BAdjm.thNhR8Zl.01bAegxO7dbFTTmqlCKTRPSN.CvnCQmTChtS', '2025-01-06 22:43:22');
INSERT INTO organizations (name, email, password_hash, created_at) VALUES ('Ajuda Humanitária', 'ajudahumanitária@ong.com', '$2b$10$S0BAdjm.thNhR8Zl.01bAegxO7dbFTTmqlCKTRPSN.CvnCQmTChtS', '2025-04-24 01:50:57');
INSERT INTO organizations (name, email, password_hash, created_at) VALUES ('Proteção Infantil', 'proteçãoinfantil@ong.com', '$2b$10$S0BAdjm.thNhR8Zl.01bAegxO7dbFTTmqlCKTRPSN.CvnCQmTChtS', '2025-07-06 23:28:21');
INSERT INTO organizations (name, email, password_hash, created_at) VALUES ('Refúgio Animal', 'refúgioanimal@ong.com', '$2b$10$S0BAdjm.thNhR8Zl.01bAegxO7dbFTTmqlCKTRPSN.CvnCQmTChtS', '2025-09-22 07:48:11');
INSERT INTO organizations (name, email, password_hash, created_at) VALUES ('Educação para Todos', 'educaçãoparatodos@ong.com', '$2b$10$S0BAdjm.thNhR8Zl.01bAegxO7dbFTTmqlCKTRPSN.CvnCQmTChtS', '2025-04-14 02:16:54');
INSERT INTO organizations (name, email, password_hash, created_at) VALUES ('Saúde Comunitária', 'saúdecomunitária@ong.com', '$2b$10$S0BAdjm.thNhR8Zl.01bAegxO7dbFTTmqlCKTRPSN.CvnCQmTChtS', '2025-03-06 06:01:02');
INSERT INTO organizations (name, email, password_hash, created_at) VALUES ('Meio Ambiente Sustentável', 'meioambientesustentável@ong.com', '$2b$10$S0BAdjm.thNhR8Zl.01bAegxO7dbFTTmqlCKTRPSN.CvnCQmTChtS', '2025-04-02 18:22:44');
INSERT INTO organizations (name, email, password_hash, created_at) VALUES ('Combate à Fome', 'combateàfome@ong.com', '$2b$10$S0BAdjm.thNhR8Zl.01bAegxO7dbFTTmqlCKTRPSN.CvnCQmTChtS', '2025-03-02 05:23:28');
INSERT INTO organizations (name, email, password_hash, created_at) VALUES ('Direitos Humanos', 'direitoshumanos@ong.com', '$2b$10$S0BAdjm.thNhR8Zl.01bAegxO7dbFTTmqlCKTRPSN.CvnCQmTChtS', '2025-09-29 01:08:54');
INSERT INTO organizations (name, email, password_hash, created_at) VALUES ('ONG Esperança', 'ongesperança@ong.com', '$2b$10$S0BAdjm.thNhR8Zl.01bAegxO7dbFTTmqlCKTRPSN.CvnCQmTChtS', '2025-04-03 03:11:18');
INSERT INTO organizations (name, email, password_hash, created_at) VALUES ('Instituto do Bem', 'institutodobem@ong.com', '$2b$10$S0BAdjm.thNhR8Zl.01bAegxO7dbFTTmqlCKTRPSN.CvnCQmTChtS', '2025-05-07 21:41:20');
INSERT INTO organizations (name, email, password_hash, created_at) VALUES ('Solidariedade Global', 'solidariedadeglobal@ong.com', '$2b$10$S0BAdjm.thNhR8Zl.01bAegxO7dbFTTmqlCKTRPSN.CvnCQmTChtS', '2025-06-28 12:05:01');
INSERT INTO organizations (name, email, password_hash, created_at) VALUES ('Coração Solidário', 'coraçãosolidário@ong.com', '$2b$10$S0BAdjm.thNhR8Zl.01bAegxO7dbFTTmqlCKTRPSN.CvnCQmTChtS', '2024-12-03 18:14:51');
INSERT INTO organizations (name, email, password_hash, created_at) VALUES ('Futuro Melhor', 'futuromelhor@ong.com', '$2b$10$S0BAdjm.thNhR8Zl.01bAegxO7dbFTTmqlCKTRPSN.CvnCQmTChtS', '2025-06-12 17:06:39');
INSERT INTO organizations (name, email, password_hash, created_at) VALUES ('ONG Vida Nova', 'ongvidanova@ong.com', '$2b$10$S0BAdjm.thNhR8Zl.01bAegxO7dbFTTmqlCKTRPSN.CvnCQmTChtS', '2025-07-08 20:27:53');
INSERT INTO organizations (name, email, password_hash, created_at) VALUES ('Instituto Paz', 'institutopaz@ong.com', '$2b$10$S0BAdjm.thNhR8Zl.01bAegxO7dbFTTmqlCKTRPSN.CvnCQmTChtS', '2025-05-21 22:47:47');
INSERT INTO organizations (name, email, password_hash, created_at) VALUES ('Ajuda Mútua', 'ajudamútua@ong.com', '$2b$10$S0BAdjm.thNhR8Zl.01bAegxO7dbFTTmqlCKTRPSN.CvnCQmTChtS', '2025-03-11 09:59:26');
INSERT INTO organizations (name, email, password_hash, created_at) VALUES ('Proteção Ambiental', 'proteçãoambiental@ong.com', '$2b$10$S0BAdjm.thNhR8Zl.01bAegxO7dbFTTmqlCKTRPSN.CvnCQmTChtS', '2025-01-02 15:50:19');
INSERT INTO organizations (name, email, password_hash, created_at) VALUES ('Crianças Felizes', 'criançasfelizes@ong.com', '$2b$10$S0BAdjm.thNhR8Zl.01bAegxO7dbFTTmqlCKTRPSN.CvnCQmTChtS', '2025-05-15 12:58:33');
INSERT INTO organizations (name, email, password_hash, created_at) VALUES ('ONG União', 'ongunião@ong.com', '$2b$10$S0BAdjm.thNhR8Zl.01bAegxO7dbFTTmqlCKTRPSN.CvnCQmTChtS', '2025-10-02 06:12:36');
INSERT INTO organizations (name, email, password_hash, created_at) VALUES ('Instituto Justiça', 'institutojustiça@ong.com', '$2b$10$S0BAdjm.thNhR8Zl.01bAegxO7dbFTTmqlCKTRPSN.CvnCQmTChtS', '2025-04-01 02:29:15');
INSERT INTO organizations (name, email, password_hash, created_at) VALUES ('Solidariedade Local', 'solidariedadelocal@ong.com', '$2b$10$S0BAdjm.thNhR8Zl.01bAegxO7dbFTTmqlCKTRPSN.CvnCQmTChtS', '2024-11-22 07:56:31');
INSERT INTO organizations (name, email, password_hash, created_at) VALUES ('Amor ao Próximo', 'amoraopróximo@ong.com', '$2b$10$S0BAdjm.thNhR8Zl.01bAegxO7dbFTTmqlCKTRPSN.CvnCQmTChtS', '2025-02-21 20:05:55');
INSERT INTO organizations (name, email, password_hash, created_at) VALUES ('ONG Renovação', 'ongrenovação@ong.com', '$2b$10$S0BAdjm.thNhR8Zl.01bAegxO7dbFTTmqlCKTRPSN.CvnCQmTChtS', '2025-01-28 01:30:18');
INSERT INTO organizations (name, email, password_hash, created_at) VALUES ('Instituto Liberdade', 'institutoliberdade@ong.com', '$2b$10$S0BAdjm.thNhR8Zl.01bAegxO7dbFTTmqlCKTRPSN.CvnCQmTChtS', '2025-02-22 07:51:59');
INSERT INTO organizations (name, email, password_hash, created_at) VALUES ('Ajuda Social', 'ajudasocial@ong.com', '$2b$10$S0BAdjm.thNhR8Zl.01bAegxO7dbFTTmqlCKTRPSN.CvnCQmTChtS', '2025-01-08 05:53:39');
INSERT INTO organizations (name, email, password_hash, created_at) VALUES ('Proteção da Natureza', 'proteçãodanatureza@ong.com', '$2b$10$S0BAdjm.thNhR8Zl.01bAegxO7dbFTTmqlCKTRPSN.CvnCQmTChtS', '2025-06-16 06:11:53');
INSERT INTO organizations (name, email, password_hash, created_at) VALUES ('Cuidado com Idosos', 'cuidadocomidosos@ong.com', '$2b$10$S0BAdjm.thNhR8Zl.01bAegxO7dbFTTmqlCKTRPSN.CvnCQmTChtS', '2025-09-02 18:51:53');
INSERT INTO organizations (name, email, password_hash, created_at) VALUES ('ONG Harmonia', 'ongharmonia@ong.com', '$2b$10$S0BAdjm.thNhR8Zl.01bAegxO7dbFTTmqlCKTRPSN.CvnCQmTChtS', '2025-05-06 06:10:26');
INSERT INTO organizations (name, email, password_hash, created_at) VALUES ('Instituto Igualdade', 'institutoigualdade@ong.com', '$2b$10$S0BAdjm.thNhR8Zl.01bAegxO7dbFTTmqlCKTRPSN.CvnCQmTChtS', '2025-01-02 14:42:36');
INSERT INTO organizations (name, email, password_hash, created_at) VALUES ('Solidariedade Juvenil', 'solidariedadejuvenil@ong.com', '$2b$10$S0BAdjm.thNhR8Zl.01bAegxO7dbFTTmqlCKTRPSN.CvnCQmTChtS', '2025-07-05 10:42:36');
INSERT INTO organizations (name, email, password_hash, created_at) VALUES ('Amigos da Terra', 'amigosdaterra@ong.com', '$2b$10$S0BAdjm.thNhR8Zl.01bAegxO7dbFTTmqlCKTRPSN.CvnCQmTChtS', '2025-05-23 03:16:55');
INSERT INTO organizations (name, email, password_hash, created_at) VALUES ('ONG Progresso', 'ongprogresso@ong.com', '$2b$10$S0BAdjm.thNhR8Zl.01bAegxO7dbFTTmqlCKTRPSN.CvnCQmTChtS', '2024-11-15 16:15:10');
INSERT INTO organizations (name, email, password_hash, created_at) VALUES ('Instituto União', 'institutounião@ong.com', '$2b$10$S0BAdjm.thNhR8Zl.01bAegxO7dbFTTmqlCKTRPSN.CvnCQmTChtS', '2025-08-08 22:23:42');
INSERT INTO organizations (name, email, password_hash, created_at) VALUES ('Ajuda Comunitária', 'ajudacomunitária@ong.com', '$2b$10$S0BAdjm.thNhR8Zl.01bAegxO7dbFTTmqlCKTRPSN.CvnCQmTChtS', '2025-06-30 12:43:13');
INSERT INTO organizations (name, email, password_hash, created_at) VALUES ('Proteção Animal', 'proteçãoanimal@ong.com', '$2b$10$S0BAdjm.thNhR8Zl.01bAegxO7dbFTTmqlCKTRPSN.CvnCQmTChtS', '2025-01-13 13:11:07');
INSERT INTO organizations (name, email, password_hash, created_at) VALUES ('Crianças do Futuro', 'criançasdofuturo@ong.com', '$2b$10$S0BAdjm.thNhR8Zl.01bAegxO7dbFTTmqlCKTRPSN.CvnCQmTChtS', '2025-09-21 07:45:55');
INSERT INTO organizations (name, email, password_hash, created_at) VALUES ('ONG Paz Mundial', 'ongpazmundial@ong.com', '$2b$10$S0BAdjm.thNhR8Zl.01bAegxO7dbFTTmqlCKTRPSN.CvnCQmTChtS', '2025-11-01 03:35:51');
INSERT INTO organizations (name, email, password_hash, created_at) VALUES ('Instituto Esperança', 'institutoesperança@ong.com', '$2b$10$S0BAdjm.thNhR8Zl.01bAegxO7dbFTTmqlCKTRPSN.CvnCQmTChtS', '2025-08-29 11:39:38');

-- Insert categories
INSERT INTO categories (name, created_at) VALUES ('Alimentos', '2025-05-24 02:35:11');
INSERT INTO categories (name, created_at) VALUES ('Roupas', '2025-07-01 04:13:08');
INSERT INTO categories (name, created_at) VALUES ('Brinquedos', '2025-07-06 02:42:53');
INSERT INTO categories (name, created_at) VALUES ('Livros', '2025-05-29 20:29:20');
INSERT INTO categories (name, created_at) VALUES ('Medicamentos', '2024-11-10 17:08:43');
INSERT INTO categories (name, created_at) VALUES ('Materiais de Construção', '2025-09-22 22:15:11');
INSERT INTO categories (name, created_at) VALUES ('Produtos de Higiene', '2025-08-11 05:39:38');
INSERT INTO categories (name, created_at) VALUES ('Equipamentos Esportivos', '2025-10-04 05:39:34');
INSERT INTO categories (name, created_at) VALUES ('Materiais Escolares', '2025-07-06 21:50:50');
INSERT INTO categories (name, created_at) VALUES ('Produtos para Animais', '2025-01-06 09:19:22');
INSERT INTO categories (name, created_at) VALUES ('Móveis', '2025-04-12 01:53:43');
INSERT INTO categories (name, created_at) VALUES ('Eletrodomésticos', '2025-06-03 11:42:56');
INSERT INTO categories (name, created_at) VALUES ('Produtos de Limpeza', '2025-06-06 14:01:34');
INSERT INTO categories (name, created_at) VALUES ('Ferramentas', '2025-05-20 16:47:16');
INSERT INTO categories (name, created_at) VALUES ('Produtos para Bebês', '2025-02-12 20:01:20');
INSERT INTO categories (name, created_at) VALUES ('Roupas de Cama', '2025-09-11 20:10:16');
INSERT INTO categories (name, created_at) VALUES ('Utensílios de Cozinha', '2025-04-23 04:33:53');
INSERT INTO categories (name, created_at) VALUES ('Produtos de Jardinagem', '2025-04-12 14:47:15');
INSERT INTO categories (name, created_at) VALUES ('Materiais Artísticos', '2025-03-16 19:35:09');
INSERT INTO categories (name, created_at) VALUES ('Produtos Eletrônicos', '2024-12-01 04:56:58');

-- Insert products
INSERT INTO products (name, description, price, category_id, image_url, stock_qty, weight_grams, organization_id, created_at, search_vector) VALUES ('Arroz 5kg', 'Produto Arroz 5kg para doação', 25.38, 1, 'http://example.com/arroz5kg.jpg', 47, 1676, 1, '2025-08-29 17:18:55', to_tsvector('portuguese', 'Arroz 5kg ' || 'Produto Arroz 5kg para doação'));
INSERT INTO products (name, description, price, category_id, image_url, stock_qty, weight_grams, organization_id, created_at, search_vector) VALUES ('Calça Jeans', 'Produto Calça Jeans para doação', 44.96, 2, 'http://example.com/calcajeans.jpg', 242, 1406, 2, '2024-11-25 00:28:04', to_tsvector('portuguese', 'Calça Jeans ' || 'Produto Calça Jeans para doação'));
INSERT INTO products (name, description, price, category_id, image_url, stock_qty, weight_grams, organization_id, created_at, search_vector) VALUES ('Quebra-Cabeça', 'Produto Quebra-Cabeça para doação', 30.25, 3, 'http://example.com/quebra-cabeca.jpg', 295, 939, 3, '2025-05-27 20:36:18', to_tsvector('portuguese', 'Quebra-Cabeça ' || 'Produto Quebra-Cabeça para doação'));
INSERT INTO products (name, description, price, category_id, image_url, stock_qty, weight_grams, organization_id, created_at, search_vector) VALUES ('Enciclopédia', 'Produto Enciclopédia para doação', 56.37, 4, 'http://example.com/enciclopedia.jpg', 367, 1595, 4, '2025-04-04 18:54:14', to_tsvector('portuguese', 'Enciclopédia ' || 'Produto Enciclopédia para doação'));
INSERT INTO products (name, description, price, category_id, image_url, stock_qty, weight_grams, organization_id, created_at, search_vector) VALUES ('Xarope para Tosse', 'Produto Xarope para Tosse para doação', 80.61, 5, 'http://example.com/xaropeparatosse.jpg', 248, 917, 5, '2025-02-21 04:35:13', to_tsvector('portuguese', 'Xarope para Tosse ' || 'Produto Xarope para Tosse para doação'));
INSERT INTO products (name, description, price, category_id, image_url, stock_qty, weight_grams, organization_id, created_at, search_vector) VALUES ('Serra', 'Produto Serra para doação', 44.19, 6, 'http://example.com/serra.jpg', 458, 838, 6, '2025-03-31 21:33:17', to_tsvector('portuguese', 'Serra ' || 'Produto Serra para doação'));
INSERT INTO products (name, description, price, category_id, image_url, stock_qty, weight_grams, organization_id, created_at, search_vector) VALUES ('Absorvente', 'Produto Absorvente para doação', 15.56, 7, 'http://example.com/absorvente.jpg', 164, 1374, 7, '2024-11-26 07:52:59', to_tsvector('portuguese', 'Absorvente ' || 'Produto Absorvente para doação'));
INSERT INTO products (name, description, price, category_id, image_url, stock_qty, weight_grams, organization_id, created_at, search_vector) VALUES ('Rede de Vôlei', 'Produto Rede de Vôlei para doação', 79.09, 8, 'http://example.com/rededevolei.jpg', 135, 1980, 8, '2025-09-17 15:29:31', to_tsvector('portuguese', 'Rede de Vôlei ' || 'Produto Rede de Vôlei para doação'));
INSERT INTO products (name, description, price, category_id, image_url, stock_qty, weight_grams, organization_id, created_at, search_vector) VALUES ('Cola', 'Produto Cola para doação', 81.44, 9, 'http://example.com/cola.jpg', 141, 446, 9, '2025-10-19 07:44:31', to_tsvector('portuguese', 'Cola ' || 'Produto Cola para doação'));
INSERT INTO products (name, description, price, category_id, image_url, stock_qty, weight_grams, organization_id, created_at, search_vector) VALUES ('Vermífugo', 'Produto Vermífugo para doação', 67.06, 10, 'http://example.com/vermifugo.jpg', 350, 748, 10, '2025-08-23 19:51:22', to_tsvector('portuguese', 'Vermífugo ' || 'Produto Vermífugo para doação'));
INSERT INTO products (name, description, price, category_id, image_url, stock_qty, weight_grams, organization_id, created_at, search_vector) VALUES ('Cadeira', 'Produto Cadeira para doação', 88.98, 11, 'http://example.com/cadeira.jpg', 441, 154, 11, '2025-09-08 20:20:59', to_tsvector('portuguese', 'Cadeira ' || 'Produto Cadeira para doação'));
INSERT INTO products (name, description, price, category_id, image_url, stock_qty, weight_grams, organization_id, created_at, search_vector) VALUES ('Fogão', 'Produto Fogão para doação', 78.74, 12, 'http://example.com/fogao.jpg', 175, 1296, 12, '2025-09-02 04:10:11', to_tsvector('portuguese', 'Fogão ' || 'Produto Fogão para doação'));
INSERT INTO products (name, description, price, category_id, image_url, stock_qty, weight_grams, organization_id, created_at, search_vector) VALUES ('Sabão em Pó', 'Produto Sabão em Pó para doação', 79.44, 13, 'http://example.com/sabaoempo.jpg', 99, 864, 13, '2025-05-10 06:13:45', to_tsvector('portuguese', 'Sabão em Pó ' || 'Produto Sabão em Pó para doação'));
INSERT INTO products (name, description, price, category_id, image_url, stock_qty, weight_grams, organization_id, created_at, search_vector) VALUES ('Serra', 'Produto Serra para doação', 7.01, 14, 'http://example.com/serra.jpg', 18, 736, 14, '2025-01-13 17:05:40', to_tsvector('portuguese', 'Serra ' || 'Produto Serra para doação'));
INSERT INTO products (name, description, price, category_id, image_url, stock_qty, weight_grams, organization_id, created_at, search_vector) VALUES ('Óleo para Massagem', 'Produto Óleo para Massagem para doação', 33.36, 15, 'http://example.com/oleoparamassagem.jpg', 98, 411, 15, '2025-09-06 07:57:14', to_tsvector('portuguese', 'Óleo para Massagem ' || 'Produto Óleo para Massagem para doação'));
INSERT INTO products (name, description, price, category_id, image_url, stock_qty, weight_grams, organization_id, created_at, search_vector) VALUES ('Cortina', 'Produto Cortina para doação', 12.92, 16, 'http://example.com/cortina.jpg', 328, 1422, 16, '2025-09-08 21:36:21', to_tsvector('portuguese', 'Cortina ' || 'Produto Cortina para doação'));
INSERT INTO products (name, description, price, category_id, image_url, stock_qty, weight_grams, organization_id, created_at, search_vector) VALUES ('Batedeira', 'Produto Batedeira para doação', 13.22, 17, 'http://example.com/batedeira.jpg', 283, 1336, 17, '2025-09-28 07:54:12', to_tsvector('portuguese', 'Batedeira ' || 'Produto Batedeira para doação'));
INSERT INTO products (name, description, price, category_id, image_url, stock_qty, weight_grams, organization_id, created_at, search_vector) VALUES ('Mangueira', 'Produto Mangueira para doação', 57.25, 18, 'http://example.com/mangueira.jpg', 268, 378, 18, '2025-03-11 14:58:27', to_tsvector('portuguese', 'Mangueira ' || 'Produto Mangueira para doação'));
INSERT INTO products (name, description, price, category_id, image_url, stock_qty, weight_grams, organization_id, created_at, search_vector) VALUES ('Paleta', 'Produto Paleta para doação', 43.17, 19, 'http://example.com/paleta.jpg', 232, 947, 19, '2025-07-23 00:19:52', to_tsvector('portuguese', 'Paleta ' || 'Produto Paleta para doação'));
INSERT INTO products (name, description, price, category_id, image_url, stock_qty, weight_grams, organization_id, created_at, search_vector) VALUES ('Câmera', 'Produto Câmera para doação', 59.19, 20, 'http://example.com/camera.jpg', 273, 425, 20, '2025-05-12 07:40:25', to_tsvector('portuguese', 'Câmera ' || 'Produto Câmera para doação'));
INSERT INTO products (name, description, price, category_id, image_url, stock_qty, weight_grams, organization_id, created_at, search_vector) VALUES ('Arroz 5kg', 'Produto Arroz 5kg para doação', 31.1, 1, 'http://example.com/arroz5kg.jpg', 155, 304, 21, '2025-10-10 22:44:09', to_tsvector('portuguese', 'Arroz 5kg ' || 'Produto Arroz 5kg para doação'));
INSERT INTO products (name, description, price, category_id, image_url, stock_qty, weight_grams, organization_id, created_at, search_vector) VALUES ('Calça Jeans', 'Produto Calça Jeans para doação', 22.59, 2, 'http://example.com/calcajeans.jpg', 17, 911, 22, '2025-07-30 07:14:08', to_tsvector('portuguese', 'Calça Jeans ' || 'Produto Calça Jeans para doação'));
INSERT INTO products (name, description, price, category_id, image_url, stock_qty, weight_grams, organization_id, created_at, search_vector) VALUES ('Quebra-Cabeça', 'Produto Quebra-Cabeça para doação', 39.88, 3, 'http://example.com/quebra-cabeca.jpg', 495, 421, 23, '2025-06-07 09:07:59', to_tsvector('portuguese', 'Quebra-Cabeça ' || 'Produto Quebra-Cabeça para doação'));
INSERT INTO products (name, description, price, category_id, image_url, stock_qty, weight_grams, organization_id, created_at, search_vector) VALUES ('Enciclopédia', 'Produto Enciclopédia para doação', 56.13, 4, 'http://example.com/enciclopedia.jpg', 335, 186, 24, '2025-10-08 02:30:15', to_tsvector('portuguese', 'Enciclopédia ' || 'Produto Enciclopédia para doação'));
INSERT INTO products (name, description, price, category_id, image_url, stock_qty, weight_grams, organization_id, created_at, search_vector) VALUES ('Xarope para Tosse', 'Produto Xarope para Tosse para doação', 14.04, 5, 'http://example.com/xaropeparatosse.jpg', 437, 214, 25, '2025-10-20 21:37:54', to_tsvector('portuguese', 'Xarope para Tosse ' || 'Produto Xarope para Tosse para doação'));
INSERT INTO products (name, description, price, category_id, image_url, stock_qty, weight_grams, organization_id, created_at, search_vector) VALUES ('Serra', 'Produto Serra para doação', 50.79, 6, 'http://example.com/serra.jpg', 12, 948, 26, '2024-12-12 08:42:02', to_tsvector('portuguese', 'Serra ' || 'Produto Serra para doação'));
INSERT INTO products (name, description, price, category_id, image_url, stock_qty, weight_grams, organization_id, created_at, search_vector) VALUES ('Absorvente', 'Produto Absorvente para doação', 77.66, 7, 'http://example.com/absorvente.jpg', 29, 1646, 27, '2025-07-05 08:38:07', to_tsvector('portuguese', 'Absorvente ' || 'Produto Absorvente para doação'));
INSERT INTO products (name, description, price, category_id, image_url, stock_qty, weight_grams, organization_id, created_at, search_vector) VALUES ('Rede de Vôlei', 'Produto Rede de Vôlei para doação', 12.14, 8, 'http://example.com/rededevolei.jpg', 107, 1373, 28, '2025-06-25 21:01:44', to_tsvector('portuguese', 'Rede de Vôlei ' || 'Produto Rede de Vôlei para doação'));
INSERT INTO products (name, description, price, category_id, image_url, stock_qty, weight_grams, organization_id, created_at, search_vector) VALUES ('Cola', 'Produto Cola para doação', 61.48, 9, 'http://example.com/cola.jpg', 489, 1755, 29, '2025-09-08 02:15:06', to_tsvector('portuguese', 'Cola ' || 'Produto Cola para doação'));
INSERT INTO products (name, description, price, category_id, image_url, stock_qty, weight_grams, organization_id, created_at, search_vector) VALUES ('Vermífugo', 'Produto Vermífugo para doação', 88.03, 10, 'http://example.com/vermifugo.jpg', 139, 950, 30, '2025-01-22 17:11:56', to_tsvector('portuguese', 'Vermífugo ' || 'Produto Vermífugo para doação'));
INSERT INTO products (name, description, price, category_id, image_url, stock_qty, weight_grams, organization_id, created_at, search_vector) VALUES ('Cadeira', 'Produto Cadeira para doação', 29.12, 11, 'http://example.com/cadeira.jpg', 122, 464, 31, '2025-07-02 04:29:15', to_tsvector('portuguese', 'Cadeira ' || 'Produto Cadeira para doação'));
INSERT INTO products (name, description, price, category_id, image_url, stock_qty, weight_grams, organization_id, created_at, search_vector) VALUES ('Fogão', 'Produto Fogão para doação', 57.3, 12, 'http://example.com/fogao.jpg', 433, 1181, 32, '2025-01-10 12:12:21', to_tsvector('portuguese', 'Fogão ' || 'Produto Fogão para doação'));
INSERT INTO products (name, description, price, category_id, image_url, stock_qty, weight_grams, organization_id, created_at, search_vector) VALUES ('Sabão em Pó', 'Produto Sabão em Pó para doação', 13.24, 13, 'http://example.com/sabaoempo.jpg', 252, 917, 33, '2025-09-29 10:24:36', to_tsvector('portuguese', 'Sabão em Pó ' || 'Produto Sabão em Pó para doação'));
INSERT INTO products (name, description, price, category_id, image_url, stock_qty, weight_grams, organization_id, created_at, search_vector) VALUES ('Serra', 'Produto Serra para doação', 55.41, 14, 'http://example.com/serra.jpg', 15, 789, 34, '2025-09-13 04:35:47', to_tsvector('portuguese', 'Serra ' || 'Produto Serra para doação'));
INSERT INTO products (name, description, price, category_id, image_url, stock_qty, weight_grams, organization_id, created_at, search_vector) VALUES ('Óleo para Massagem', 'Produto Óleo para Massagem para doação', 93.94, 15, 'http://example.com/oleoparamassagem.jpg', 69, 301, 35, '2025-01-01 10:29:22', to_tsvector('portuguese', 'Óleo para Massagem ' || 'Produto Óleo para Massagem para doação'));
INSERT INTO products (name, description, price, category_id, image_url, stock_qty, weight_grams, organization_id, created_at, search_vector) VALUES ('Cortina', 'Produto Cortina para doação', 81.74, 16, 'http://example.com/cortina.jpg', 14, 1465, 36, '2025-01-11 09:00:47', to_tsvector('portuguese', 'Cortina ' || 'Produto Cortina para doação'));
INSERT INTO products (name, description, price, category_id, image_url, stock_qty, weight_grams, organization_id, created_at, search_vector) VALUES ('Batedeira', 'Produto Batedeira para doação', 44.6, 17, 'http://example.com/batedeira.jpg', 310, 1277, 37, '2025-05-26 15:48:55', to_tsvector('portuguese', 'Batedeira ' || 'Produto Batedeira para doação'));
INSERT INTO products (name, description, price, category_id, image_url, stock_qty, weight_grams, organization_id, created_at, search_vector) VALUES ('Mangueira', 'Produto Mangueira para doação', 62.83, 18, 'http://example.com/mangueira.jpg', 27, 1391, 38, '2025-04-10 07:47:04', to_tsvector('portuguese', 'Mangueira ' || 'Produto Mangueira para doação'));
INSERT INTO products (name, description, price, category_id, image_url, stock_qty, weight_grams, organization_id, created_at, search_vector) VALUES ('Paleta', 'Produto Paleta para doação', 17.56, 19, 'http://example.com/paleta.jpg', 105, 1232, 39, '2025-01-28 13:53:02', to_tsvector('portuguese', 'Paleta ' || 'Produto Paleta para doação'));
INSERT INTO products (name, description, price, category_id, image_url, stock_qty, weight_grams, organization_id, created_at, search_vector) VALUES ('Câmera', 'Produto Câmera para doação', 26.91, 20, 'http://example.com/camera.jpg', 352, 1972, 40, '2025-04-16 21:03:48', to_tsvector('portuguese', 'Câmera ' || 'Produto Câmera para doação'));

-- Insert users
INSERT INTO users (name, email, password_hash, role, organization_id, created_at) VALUES
('Usuário 1 da ONG 1', 'user1@ong1.com', '$2b$10$S0BAdjm.thNhR8Zl.01bAegxO7dbFTTmqlCKTRPSN.CvnCQmTChtS', 'user', 1, '2024-11-13 03:33:16'),('Usuário 2 da ONG 2', 'user2@ong2.com', '$2b$10$S0BAdjm.thNhR8Zl.01bAegxO7dbFTTmqlCKTRPSN.CvnCQmTChtS', 'admin', 2, '2025-09-06 19:30:40'),('Usuário 3 da ONG 3', 'user3@ong3.com', '$2b$10$S0BAdjm.thNhR8Zl.01bAegxO7dbFTTmqlCKTRPSN.CvnCQmTChtS', 'user', 3, '2025-01-24 13:18:43'),('Usuário 4 da ONG 4', 'user4@ong4.com', '$2b$10$S0BAdjm.thNhR8Zl.01bAegxO7dbFTTmqlCKTRPSN.CvnCQmTChtS', 'admin', 4, '2025-06-09 22:30:15'),('Usuário 5 da ONG 5', 'user5@ong5.com', '$2b$10$S0BAdjm.thNhR8Zl.01bAegxO7dbFTTmqlCKTRPSN.CvnCQmTChtS', 'user', 5, '2025-03-26 19:17:50'),('Usuário 6 da ONG 6', 'user6@ong6.com', '$2b$10$S0BAdjm.thNhR8Zl.01bAegxO7dbFTTmqlCKTRPSN.CvnCQmTChtS', 'admin', 6, '2025-04-26 11:07:04'),('Usuário 7 da ONG 7', 'user7@ong7.com', '$2b$10$S0BAdjm.thNhR8Zl.01bAegxO7dbFTTmqlCKTRPSN.CvnCQmTChtS', 'user', 7, '2025-09-03 10:16:55'),('Usuário 8 da ONG 8', 'user8@ong8.com', '$2b$10$S0BAdjm.thNhR8Zl.01bAegxO7dbFTTmqlCKTRPSN.CvnCQmTChtS', 'user', 8, '2025-08-03 19:14:23'),('Usuário 9 da ONG 9', 'user9@ong9.com', '$2b$10$S0BAdjm.thNhR8Zl.01bAegxO7dbFTTmqlCKTRPSN.CvnCQmTChtS', 'user', 9, '2025-07-27 07:20:45'),('Usuário 10 da ONG 10', 'user10@ong10.com', '$2b$10$S0BAdjm.thNhR8Zl.01bAegxO7dbFTTmqlCKTRPSN.CvnCQmTChtS', 'user', 10, '2025-07-20 01:18:46'),('Usuário 11 da ONG 11', 'user11@ong11.com', '$2b$10$S0BAdjm.thNhR8Zl.01bAegxO7dbFTTmqlCKTRPSN.CvnCQmTChtS', 'user', 11, '2025-03-07 22:52:02'),('Usuário 12 da ONG 12', 'user12@ong12.com', '$2b$10$S0BAdjm.thNhR8Zl.01bAegxO7dbFTTmqlCKTRPSN.CvnCQmTChtS', 'user', 12, '2025-03-13 11:51:37'),('Usuário 13 da ONG 13', 'user13@ong13.com', '$2b$10$S0BAdjm.thNhR8Zl.01bAegxO7dbFTTmqlCKTRPSN.CvnCQmTChtS', 'user', 13, '2025-05-22 23:46:19'),('Usuário 14 da ONG 14', 'user14@ong14.com', '$2b$10$S0BAdjm.thNhR8Zl.01bAegxO7dbFTTmqlCKTRPSN.CvnCQmTChtS', 'user', 14, '2024-12-25 12:37:49'),('Usuário 15 da ONG 15', 'user15@ong15.com', '$2b$10$S0BAdjm.thNhR8Zl.01bAegxO7dbFTTmqlCKTRPSN.CvnCQmTChtS', 'admin', 15, '2024-11-26 08:30:50'),('Usuário 16 da ONG 16', 'user16@ong16.com', '$2b$10$S0BAdjm.thNhR8Zl.01bAegxO7dbFTTmqlCKTRPSN.CvnCQmTChtS', 'user', 16, '2025-05-07 09:37:56'),('Usuário 17 da ONG 17', 'user17@ong17.com', '$2b$10$S0BAdjm.thNhR8Zl.01bAegxO7dbFTTmqlCKTRPSN.CvnCQmTChtS', 'user', 17, '2024-11-09 15:42:29'),('Usuário 18 da ONG 18', 'user18@ong18.com', '$2b$10$S0BAdjm.thNhR8Zl.01bAegxO7dbFTTmqlCKTRPSN.CvnCQmTChtS', 'admin', 18, '2025-09-14 20:57:57'),('Usuário 19 da ONG 19', 'user19@ong19.com', '$2b$10$S0BAdjm.thNhR8Zl.01bAegxO7dbFTTmqlCKTRPSN.CvnCQmTChtS', 'user', 19, '2024-12-06 02:05:16'),('Usuário 20 da ONG 20', 'user20@ong20.com', '$2b$10$S0BAdjm.thNhR8Zl.01bAegxO7dbFTTmqlCKTRPSN.CvnCQmTChtS', 'admin', 20, '2025-10-17 11:39:59'),('Usuário 21 da ONG 21', 'user21@ong21.com', '$2b$10$S0BAdjm.thNhR8Zl.01bAegxO7dbFTTmqlCKTRPSN.CvnCQmTChtS', 'admin', 21, '2025-07-08 19:37:13'),('Usuário 22 da ONG 22', 'user22@ong22.com', '$2b$10$S0BAdjm.thNhR8Zl.01bAegxO7dbFTTmqlCKTRPSN.CvnCQmTChtS', 'admin', 22, '2025-07-07 09:58:19'),('Usuário 23 da ONG 23', 'user23@ong23.com', '$2b$10$S0BAdjm.thNhR8Zl.01bAegxO7dbFTTmqlCKTRPSN.CvnCQmTChtS', 'admin', 23, '2025-01-08 18:25:50'),('Usuário 24 da ONG 24', 'user24@ong24.com', '$2b$10$S0BAdjm.thNhR8Zl.01bAegxO7dbFTTmqlCKTRPSN.CvnCQmTChtS', 'admin', 24, '2024-12-06 02:13:44'),('Usuário 25 da ONG 25', 'user25@ong25.com', '$2b$10$S0BAdjm.thNhR8Zl.01bAegxO7dbFTTmqlCKTRPSN.CvnCQmTChtS', 'admin', 25, '2025-10-14 09:15:49'),('Usuário 26 da ONG 26', 'user26@ong26.com', '$2b$10$S0BAdjm.thNhR8Zl.01bAegxO7dbFTTmqlCKTRPSN.CvnCQmTChtS', 'admin', 26, '2024-11-25 14:33:51'),('Usuário 27 da ONG 27', 'user27@ong27.com', '$2b$10$S0BAdjm.thNhR8Zl.01bAegxO7dbFTTmqlCKTRPSN.CvnCQmTChtS', 'admin', 27, '2025-10-09 10:01:06'),('Usuário 28 da ONG 28', 'user28@ong28.com', '$2b$10$S0BAdjm.thNhR8Zl.01bAegxO7dbFTTmqlCKTRPSN.CvnCQmTChtS', 'admin', 28, '2025-05-09 09:12:04'),('Usuário 29 da ONG 29', 'user29@ong29.com', '$2b$10$S0BAdjm.thNhR8Zl.01bAegxO7dbFTTmqlCKTRPSN.CvnCQmTChtS', 'user', 29, '2025-04-14 11:26:03'),('Usuário 30 da ONG 30', 'user30@ong30.com', '$2b$10$S0BAdjm.thNhR8Zl.01bAegxO7dbFTTmqlCKTRPSN.CvnCQmTChtS', 'user', 30, '2025-10-15 18:03:49'),('Usuário 31 da ONG 31', 'user31@ong31.com', '$2b$10$S0BAdjm.thNhR8Zl.01bAegxO7dbFTTmqlCKTRPSN.CvnCQmTChtS', 'admin', 31, '2025-09-08 14:05:11'),('Usuário 32 da ONG 32', 'user32@ong32.com', '$2b$10$S0BAdjm.thNhR8Zl.01bAegxO7dbFTTmqlCKTRPSN.CvnCQmTChtS', 'user', 32, '2025-09-13 19:12:13'),('Usuário 33 da ONG 33', 'user33@ong33.com', '$2b$10$S0BAdjm.thNhR8Zl.01bAegxO7dbFTTmqlCKTRPSN.CvnCQmTChtS', 'user', 33, '2025-10-25 20:29:31'),('Usuário 34 da ONG 34', 'user34@ong34.com', '$2b$10$S0BAdjm.thNhR8Zl.01bAegxO7dbFTTmqlCKTRPSN.CvnCQmTChtS', 'user', 34, '2025-10-20 10:11:58'),('Usuário 35 da ONG 35', 'user35@ong35.com', '$2b$10$S0BAdjm.thNhR8Zl.01bAegxO7dbFTTmqlCKTRPSN.CvnCQmTChtS', 'admin', 35, '2025-04-09 09:22:24'),('Usuário 36 da ONG 36', 'user36@ong36.com', '$2b$10$S0BAdjm.thNhR8Zl.01bAegxO7dbFTTmqlCKTRPSN.CvnCQmTChtS', 'admin', 36, '2025-06-06 23:04:12'),('Usuário 37 da ONG 37', 'user37@ong37.com', '$2b$10$S0BAdjm.thNhR8Zl.01bAegxO7dbFTTmqlCKTRPSN.CvnCQmTChtS', 'user', 37, '2025-09-27 19:35:22'),('Usuário 38 da ONG 38', 'user38@ong38.com', '$2b$10$S0BAdjm.thNhR8Zl.01bAegxO7dbFTTmqlCKTRPSN.CvnCQmTChtS', 'user', 38, '2025-04-24 11:26:18'),('Usuário 39 da ONG 39', 'user39@ong39.com', '$2b$10$S0BAdjm.thNhR8Zl.01bAegxO7dbFTTmqlCKTRPSN.CvnCQmTChtS', 'admin', 39, '2025-09-08 13:03:33'),('Usuário 40 da ONG 40', 'user40@ong40.com', '$2b$10$S0BAdjm.thNhR8Zl.01bAegxO7dbFTTmqlCKTRPSN.CvnCQmTChtS', 'user', 40, '2025-07-08 01:02:10');

-- Insert customers
INSERT INTO customers (name, email, created_at) VALUES
('Cliente 1', 'cliente1@example.com', '2025-08-13 14:23:21'),('Cliente 2', 'cliente2@example.com', '2025-04-13 20:27:30'),('Cliente 3', 'cliente3@example.com', '2025-05-11 01:24:36'),('Cliente 4', 'cliente4@example.com', '2025-08-12 19:14:49'),('Cliente 5', 'cliente5@example.com', '2025-03-13 10:43:07'),('Cliente 6', 'cliente6@example.com', '2025-04-11 20:42:55'),('Cliente 7', 'cliente7@example.com', '2025-06-25 20:09:17'),('Cliente 8', 'cliente8@example.com', '2025-10-04 22:25:38'),('Cliente 9', 'cliente9@example.com', '2025-06-30 20:40:40'),('Cliente 10', 'cliente10@example.com', '2025-09-12 06:29:11'),('Cliente 11', 'cliente11@example.com', '2025-07-15 19:15:02'),('Cliente 12', 'cliente12@example.com', '2025-05-09 03:31:03'),('Cliente 13', 'cliente13@example.com', '2025-11-02 14:20:43'),('Cliente 14', 'cliente14@example.com', '2025-08-30 22:00:51'),('Cliente 15', 'cliente15@example.com', '2024-11-19 15:17:14'),('Cliente 16', 'cliente16@example.com', '2025-10-17 15:22:45'),('Cliente 17', 'cliente17@example.com', '2025-05-01 15:48:06'),('Cliente 18', 'cliente18@example.com', '2025-03-04 20:41:06'),('Cliente 19', 'cliente19@example.com', '2025-05-01 20:50:44'),('Cliente 20', 'cliente20@example.com', '2025-04-13 03:41:24'),('Cliente 21', 'cliente21@example.com', '2025-01-04 05:42:30'),('Cliente 22', 'cliente22@example.com', '2025-06-06 07:35:17'),('Cliente 23', 'cliente23@example.com', '2025-01-11 01:34:41'),('Cliente 24', 'cliente24@example.com', '2025-03-11 18:38:24'),('Cliente 25', 'cliente25@example.com', '2025-07-17 20:23:00'),('Cliente 26', 'cliente26@example.com', '2025-04-23 05:23:39'),('Cliente 27', 'cliente27@example.com', '2025-08-11 20:25:24'),('Cliente 28', 'cliente28@example.com', '2025-10-13 23:35:00'),('Cliente 29', 'cliente29@example.com', '2025-09-26 19:10:48'),('Cliente 30', 'cliente30@example.com', '2025-02-26 15:50:19'),('Cliente 31', 'cliente31@example.com', '2025-02-24 17:14:05'),('Cliente 32', 'cliente32@example.com', '2025-03-26 17:48:13'),('Cliente 33', 'cliente33@example.com', '2025-03-10 16:38:19'),('Cliente 34', 'cliente34@example.com', '2025-06-02 16:09:43'),('Cliente 35', 'cliente35@example.com', '2025-05-18 21:50:11'),('Cliente 36', 'cliente36@example.com', '2025-05-27 22:25:08'),('Cliente 37', 'cliente37@example.com', '2025-07-15 12:48:51'),('Cliente 38', 'cliente38@example.com', '2025-10-06 07:27:42'),('Cliente 39', 'cliente39@example.com', '2025-04-07 03:19:09'),('Cliente 40', 'cliente40@example.com', '2025-05-30 15:58:16');

-- Insert orders
INSERT INTO orders (customer_id, created_at) VALUES
(17, '2025-08-10 11:30:08'),(22, '2025-07-08 06:26:59'),(6, '2025-01-12 02:30:32'),(39, '2025-01-21 01:24:04'),(29, '2025-01-29 09:13:49'),(18, '2025-07-19 20:39:04'),(25, '2025-03-27 18:33:43'),(24, '2025-01-08 16:47:23'),(31, '2025-02-16 22:02:42'),(17, '2025-01-29 07:35:16'),(20, '2025-02-09 17:39:25'),(12, '2025-02-18 14:48:38'),(12, '2025-01-30 12:15:27'),(31, '2025-11-03 09:18:16'),(32, '2025-08-25 03:48:20'),(19, '2025-01-06 12:13:07'),(14, '2025-03-27 12:38:10'),(20, '2025-09-22 13:19:08'),(11, '2025-07-03 22:32:47'),(26, '2025-06-03 15:08:50'),(15, '2025-07-27 12:56:25'),(31, '2024-11-06 17:25:37'),(28, '2025-06-04 06:21:22'),(24, '2025-05-31 02:11:36'),(23, '2025-04-15 06:21:29'),(36, '2024-12-08 16:15:24'),(7, '2025-09-21 08:20:38'),(9, '2025-04-20 13:55:58'),(29, '2025-05-29 22:54:56'),(23, '2025-06-05 15:26:45'),(6, '2024-11-04 17:47:55'),(39, '2025-10-20 21:58:59'),(11, '2025-03-11 15:13:35'),(31, '2025-04-02 11:29:29'),(26, '2025-10-22 15:50:21'),(22, '2025-04-08 13:33:36'),(3, '2025-10-31 18:08:14'),(13, '2025-06-10 15:47:59'),(26, '2025-09-25 07:09:40'),(26, '2025-08-08 19:19:47');

-- Insert order_items
INSERT INTO order_items (order_id, product_id, quantity, price_at_time, organization_id, created_at) VALUES
(1, 1, 3, 28.05, 1, '2025-07-08 03:51:01'),(2, 2, 9, 54.12, 2, '2025-10-31 22:34:33'),(3, 3, 6, 61.76, 3, '2025-05-28 08:46:37'),(4, 4, 1, 31.57, 4, '2025-02-26 11:22:51'),(5, 5, 4, 96.56, 5, '2024-12-14 03:46:54'),(6, 6, 3, 97.67, 6, '2025-08-08 03:52:46'),(7, 7, 8, 63.75, 7, '2024-12-29 17:45:39'),(8, 8, 9, 35.5, 8, '2025-03-20 15:41:16'),(9, 9, 1, 18.95, 9, '2025-06-23 02:05:33'),(10, 10, 2, 24.77, 10, '2024-12-13 10:54:30'),(11, 11, 6, 50.0, 11, '2025-05-14 02:53:00'),(12, 12, 8, 67.13, 12, '2025-09-15 16:16:40'),(13, 13, 2, 56.08, 13, '2025-06-09 18:35:00'),(14, 14, 9, 68.19, 14, '2025-09-03 08:06:50'),(15, 15, 4, 70.68, 15, '2024-12-24 03:02:42'),(16, 16, 4, 99.63, 16, '2025-01-21 00:41:43'),(17, 17, 1, 11.12, 17, '2024-12-17 06:02:56'),(18, 18, 7, 42.84, 18, '2025-01-25 04:36:03'),(19, 19, 1, 51.41, 19, '2025-07-21 13:19:31'),(20, 20, 7, 65.19, 20, '2025-03-29 10:28:26'),(21, 21, 7, 41.77, 21, '2025-08-05 03:43:42'),(22, 22, 2, 7.89, 22, '2025-05-01 19:12:51'),(23, 23, 10, 73.83, 23, '2025-01-09 03:17:09'),(24, 24, 1, 92.56, 24, '2024-12-12 02:51:05'),(25, 25, 6, 39.31, 25, '2025-09-07 14:42:32'),(26, 26, 8, 18.99, 26, '2025-09-08 12:41:37'),(27, 27, 1, 40.7, 27, '2024-11-18 22:28:44'),(28, 28, 8, 19.71, 28, '2025-03-22 00:08:19'),(29, 29, 1, 76.31, 29, '2025-01-08 15:41:13'),(30, 30, 4, 67.66, 30, '2025-10-12 12:32:46'),(31, 31, 9, 15.56, 31, '2025-07-08 10:02:27'),(32, 32, 7, 54.87, 32, '2025-02-15 07:02:12'),(33, 33, 9, 36.07, 33, '2025-05-30 03:14:37'),(34, 34, 10, 10.17, 34, '2025-03-15 10:46:32'),(35, 35, 2, 57.09, 35, '2025-07-23 09:44:53'),(36, 36, 6, 90.48, 36, '2025-07-07 09:44:10'),(37, 37, 10, 79.03, 37, '2025-07-06 02:32:35'),(38, 38, 3, 80.29, 38, '2024-11-23 17:50:49'),(39, 39, 9, 71.75, 39, '2025-02-18 00:12:35'),(40, 40, 6, 25.16, 40, '2025-03-17 17:15:25');

-- Insert queries
INSERT INTO queries (id, query_text, filters, status, created_at, updated_at) VALUES
('41914613-902c-4f99-833c-4ac283c9c1fe', 'Busca por brinquedos', '{"category": "alimentos"}', 'failed', '2025-05-22 22:08:05', '2025-03-01 10:55:25'),('89976c5e-2017-4b25-a5e3-7944506314a1', 'Busca por brinquedos', '{"category": "alimentos"}', 'failed', '2025-08-05 22:14:29', '2025-06-21 00:54:58'),('445ad87c-b8e7-4b24-a0b0-5c72cdc31cc5', 'Busca por brinquedos', '{}', 'completed', '2025-01-06 06:13:57', '2024-11-14 15:19:10'),('f3a39d1f-dc3a-483e-8f18-eb285091a5dd', 'Busca por livros', '{}', 'failed', '2025-02-11 19:23:54', '2025-07-17 05:42:54'),('ff5ad80c-2e58-45e8-89fb-532886aff54e', 'Busca por roupas', '{"category": "alimentos"}', 'completed', '2025-06-17 22:11:04', '2025-07-26 05:58:50'),('8f6e8d63-fb70-4b03-b3e6-4dd232afc586', 'Busca por alimentos', '{"category": "alimentos"}', 'failed', '2025-07-16 14:08:58', '2025-08-25 00:51:26'),('e7548590-4067-443d-9c29-8f6b0bbfab91', 'Busca por roupas', '{}', 'completed', '2025-03-10 19:32:13', '2025-08-01 00:33:56'),('16e28f09-1deb-44dc-b36f-f2c9d50cac87', 'Busca por brinquedos', '{}', 'pending', '2025-01-30 18:20:50', '2024-12-23 21:30:10'),('85da1ecb-3fde-40bf-bfb7-71c158fe1baf', 'Busca por alimentos', '{}', 'completed', '2025-02-15 08:03:15', '2025-04-15 04:38:13'),('718c70f9-12bc-4034-b74c-d0ca0b3c5377', 'Busca por brinquedos', '{}', 'failed', '2024-11-08 01:10:55', '2025-04-02 16:48:01'),('c99f25b5-814f-4ba7-ad26-d44ea80054b6', 'Busca por brinquedos', '{"category": "alimentos"}', 'completed', '2024-12-14 07:29:35', '2025-05-05 05:04:08'),('a4418b41-3bba-425c-ad5a-a1f50896bef7', 'Busca por roupas', '{"category": "alimentos"}', 'pending', '2025-03-30 15:04:02', '2024-12-08 11:12:56'),('245f5118-287b-4544-a2bf-7d7aea1dab03', 'Busca por alimentos', '{"category": "alimentos"}', 'completed', '2025-02-13 08:00:10', '2025-01-11 16:44:23'),('247eddf9-9297-4f42-886b-ae7224caa232', 'Busca por brinquedos', '{}', 'failed', '2025-09-25 22:02:50', '2025-10-21 03:05:54'),('56620458-f2da-43b8-ac1f-964eb74ffbb7', 'Busca por roupas', '{"category": "alimentos"}', 'pending', '2024-11-06 12:51:52', '2025-01-26 13:30:15'),('d0ef4166-0d6b-402b-aa39-3cac39547674', 'Busca por brinquedos', '{}', 'pending', '2025-05-18 10:38:57', '2025-07-03 07:35:01'),('93a54e7e-1b00-42e3-a299-6c13cf52ae19', 'Busca por livros', '{}', 'pending', '2025-01-20 19:57:01', '2025-07-01 00:14:53'),('d91f3445-9f69-463a-8ba5-c85929a70171', 'Busca por brinquedos', '{"category": "alimentos"}', 'pending', '2025-08-09 10:20:18', '2025-06-09 00:58:03'),('ad1bfcf6-e264-42ef-9bc2-b6853a3eee24', 'Busca por livros', '{}', 'pending', '2025-03-27 10:09:14', '2024-11-28 21:23:00'),('062ca52f-1e72-4b49-808d-f11f133f5d99', 'Busca por roupas', '{}', 'pending', '2025-09-04 18:59:02', '2025-10-03 04:23:11'),('e4b80ac7-76b4-4c68-8053-5678ebfe3770', 'Busca por brinquedos', '{"category": "alimentos"}', 'completed', '2025-10-02 14:26:40', '2024-11-17 18:11:07'),('30bf254a-ceef-4213-9df3-1972daa96b24', 'Busca por brinquedos', '{"category": "alimentos"}', 'failed', '2025-02-23 03:05:38', '2025-09-03 17:00:13'),('8364d89f-5732-4a59-a80c-f6808c0f8432', 'Busca por roupas', '{}', 'completed', '2025-06-30 03:22:14', '2025-06-15 05:00:34'),('2ab5a353-a31e-45dc-be51-c64c17d0ce62', 'Busca por roupas', '{}', 'pending', '2025-06-21 15:35:12', '2025-03-13 03:07:56'),('bdd89eef-3eba-4859-a84b-6094c03483e9', 'Busca por livros', '{"category": "alimentos"}', 'failed', '2025-02-13 15:50:53', '2025-08-31 11:13:57'),('6ef26e95-e8be-4006-a629-535318281d83', 'Busca por livros', '{}', 'completed', '2024-12-12 19:15:12', '2025-03-03 06:21:20'),('fc985c6f-f620-4c6f-8031-c36876c1d64b', 'Busca por roupas', '{"category": "alimentos"}', 'pending', '2025-10-09 23:42:44', '2025-06-02 15:02:47'),('9ac14ecf-2d84-415f-93f0-2885fb622df8', 'Busca por brinquedos', '{}', 'completed', '2025-05-14 07:42:44', '2025-03-08 01:03:33'),('2657e1a3-f513-47a7-9d45-a18da61f10cc', 'Busca por brinquedos', '{}', 'failed', '2025-05-13 01:41:31', '2025-01-12 08:36:48'),('da5b3572-1a9b-4090-bdda-5511d5ebb50b', 'Busca por brinquedos', '{}', 'failed', '2025-03-23 11:58:21', '2025-09-03 04:35:20'),('a2ed7aad-c71e-4788-8a7e-e0dacd17256d', 'Busca por brinquedos', '{}', 'failed', '2025-09-20 11:44:40', '2025-06-08 18:56:29'),('a2bb1557-6a73-48f3-8a9c-4aea7646177f', 'Busca por brinquedos', '{}', 'failed', '2025-04-08 15:17:55', '2025-08-17 06:25:33'),('b4e0db45-8735-4fde-b75e-0d29b69135fc', 'Busca por brinquedos', '{"category": "alimentos"}', 'completed', '2025-10-16 07:13:57', '2025-05-05 10:00:41'),('9caebd34-1bb3-411f-9327-e33dcedc9fab', 'Busca por brinquedos', '{"category": "alimentos"}', 'completed', '2025-08-02 02:47:23', '2025-08-18 20:33:18'),('4089dfc4-9020-46d8-85da-f07ec65a637d', 'Busca por alimentos', '{}', 'pending', '2025-02-02 02:50:37', '2025-06-18 22:51:12'),('ce46f06b-98e6-4824-96fe-1be131885f5a', 'Busca por alimentos', '{}', 'failed', '2024-11-06 03:10:07', '2025-03-13 12:59:27'),('35d17da6-c0c1-413a-b802-0d9b9755eb4c', 'Busca por livros', '{"category": "alimentos"}', 'failed', '2025-02-15 00:40:38', '2025-10-03 04:18:35'),('b3a7e0e7-c7fc-4c44-a889-3c8330ccc2a6', 'Busca por brinquedos', '{"category": "alimentos"}', 'pending', '2024-12-04 22:56:17', '2025-01-02 13:44:44'),('0dc8c153-f057-4473-972a-5b5eaefde8a8', 'Busca por alimentos', '{"category": "alimentos"}', 'failed', '2025-08-29 00:45:35', '2025-02-24 06:26:21'),('cc81c937-a181-4cfa-ba28-c7319b4a6209', 'Busca por livros', '{}', 'failed', '2025-10-12 12:06:01', '2025-01-07 12:26:01');

-- Insert search_metrics
INSERT INTO search_metrics (id, query, ai_used, fallback_applied, results_count, zero_results, latency_ms, user_id, created_at) VALUES
('597bd5f8-0c5c-4339-8fd2-168cf72aa44c', 'Busca 1', True, True, 22, False, 2729, 'user68@ong32.com', '2025-05-18 16:51:29'),('2bc665cb-aa63-4bc5-93ef-a9df9696939e', 'Busca 2', False, True, 0, True, 397, 'user191@ong25.com', '2025-07-29 15:08:28'),('99d79a18-a918-4ca8-b86c-aca391653d05', 'Busca 3', True, True, 18, False, 2092, 'user155@ong22.com', '2024-12-19 22:01:34'),('d0bc4fcc-97e6-4166-860d-aab653c09a07', 'Busca 4', False, True, 45, False, 867, 'user93@ong2.com', '2025-03-30 00:31:16'),('f34c6389-323b-4bfd-9f86-075809124443', 'Busca 5', True, True, 50, False, 526, 'user166@ong29.com', '2025-06-02 09:00:11'),('7938507d-9460-40b9-84f2-62324f57a5ab', 'Busca 6', False, False, 37, False, 1398, 'user83@ong25.com', '2025-07-09 14:36:56'),('9931855d-57ae-4951-aea4-2bd7ef5046c5', 'Busca 7', False, True, 44, False, 2877, 'user51@ong27.com', '2025-01-29 21:40:45'),('965d8c36-ae09-479c-b6a6-c94230746683', 'Busca 8', True, True, 17, False, 2114, 'user168@ong35.com', '2025-07-10 12:15:13'),('c0a886ba-e8d5-4802-8518-28bf1c7a3559', 'Busca 9', False, False, 50, False, 1896, 'user81@ong10.com', '2025-07-27 11:48:11'),('8c904aac-8237-4ac9-a389-f19807a4b182', 'Busca 10', True, True, 31, False, 170, 'user103@ong25.com', '2025-06-13 11:53:50'),('789bc3bc-b212-4f9c-9211-79d9836e790d', 'Busca 11', True, True, 21, False, 1341, 'user193@ong25.com', '2025-03-15 03:13:42'),('0c23aac5-4c08-49f8-859b-64453f358e93', 'Busca 12', True, False, 35, False, 2728, 'user139@ong3.com', '2025-05-28 19:26:50'),('0babb23c-fb9f-45ae-b69d-cba360ea622a', 'Busca 13', True, True, 29, False, 2669, 'user29@ong37.com', '2025-02-15 18:13:43'),('0276b982-fc33-4659-aef1-58ad12c3c282', 'Busca 14', False, False, 27, False, 175, 'user154@ong4.com', '2025-03-21 12:38:25'),('53dbee42-b240-4ab5-92ee-ddc21c626e17', 'Busca 15', False, False, 50, False, 1233, 'user62@ong39.com', '2025-08-23 22:21:51'),('de28f0ad-e87f-4a2a-9e73-81a843a94f3f', 'Busca 16', False, True, 30, False, 1449, 'user87@ong8.com', '2025-01-17 15:28:38'),('ce2ca430-6f11-48e4-928b-302de33f4d4f', 'Busca 17', False, False, 17, False, 482, 'user170@ong31.com', '2024-12-27 15:58:33'),('90d19b58-a677-457a-9411-392c866fdfec', 'Busca 18', False, True, 32, False, 1927, 'user137@ong2.com', '2025-02-13 20:47:57'),('191a62c8-91b3-4810-b980-3041d77c6933', 'Busca 19', False, True, 36, False, 1683, 'user194@ong2.com', '2024-12-22 10:26:23'),('1b6b4d04-bfab-4b83-b106-6b4dee0ccbd1', 'Busca 20', False, False, 34, False, 1897, 'user74@ong37.com', '2025-09-24 12:06:33'),('b724c2d1-edd4-4b9d-85b3-bc70e96c7b6a', 'Busca 21', False, False, 34, False, 2110, 'user5@ong40.com', '2024-12-21 17:32:23'),('801353fb-37f5-41f9-af80-525fb89e3a28', 'Busca 22', False, False, 41, False, 2486, 'user55@ong8.com', '2025-10-23 09:58:51'),('100900a7-e598-4209-950e-edd2dc7b5eec', 'Busca 23', False, False, 27, False, 2174, 'user81@ong32.com', '2025-03-02 13:26:54'),('ba6b3d54-9b88-48e7-bc5e-8ad6fb7fb02f', 'Busca 24', False, False, 45, False, 2317, 'user68@ong9.com', '2024-11-07 11:05:05'),('0c7e0519-8e08-4866-9b67-57e62e9aeb10', 'Busca 25', False, False, 46, False, 1536, 'user154@ong1.com', '2025-01-08 12:47:47'),('139e6581-89cf-4417-aacc-b561b154bf3d', 'Busca 26', False, False, 13, False, 1900, 'user187@ong11.com', '2025-05-16 00:53:48'),('34893bb6-68e8-417c-bd39-dfb31d668b6e', 'Busca 27', True, False, 3, False, 637, 'user134@ong34.com', '2025-09-16 13:15:37'),('ea8633b5-a099-46e6-a2b8-84f2abafd4ab', 'Busca 28', True, False, 27, False, 941, 'user70@ong39.com', '2025-10-05 00:32:13'),('e4b57637-1530-4dfe-a504-f0d60f4c8ed3', 'Busca 29', True, True, 46, False, 1156, 'user88@ong40.com', '2025-04-14 00:46:30'),('a58ce440-bf32-4b90-a0db-42975be056e4', 'Busca 30', False, False, 24, False, 1901, 'user148@ong26.com', '2025-04-08 20:05:52'),('618e2a8f-3074-438d-bcf3-a8d501d1786f', 'Busca 31', False, False, 1, False, 1188, 'user129@ong13.com', '2025-04-02 20:32:59'),('fe805e5c-1533-4467-8a9f-0b6d12c8c487', 'Busca 32', True, False, 21, False, 1582, 'user170@ong15.com', '2025-07-06 11:25:09'),('cfb48946-3954-43a5-be8a-3f48e15090d4', 'Busca 33', False, False, 46, False, 1686, 'user102@ong7.com', '2025-01-09 10:19:33'),('4fa5e91a-2023-46b4-a55b-a4e2b0d0a5ee', 'Busca 34', True, False, 37, False, 874, 'user126@ong38.com', '2025-09-22 00:59:48'),('47fe9d8c-9072-42d9-942d-2014ffd590ab', 'Busca 35', False, False, 35, False, 911, 'user189@ong37.com', '2025-02-08 15:23:38'),('d153e839-253a-410e-81f8-3e78238064ce', 'Busca 36', False, True, 1, False, 2122, 'user11@ong1.com', '2024-11-23 02:43:06'),('c90cf1cb-1ff8-475b-b00e-5591e945e218', 'Busca 37', True, True, 31, False, 2327, 'user6@ong28.com', '2025-08-13 00:59:50'),('ce6b96ae-6bd4-4dff-967e-12950a9e4887', 'Busca 38', False, False, 7, False, 2658, 'user180@ong29.com', '2025-01-18 11:17:30'),('39a57fd5-3354-4922-88a8-ee0722cffdda', 'Busca 39', True, False, 36, False, 2081, 'user120@ong19.com', '2025-02-12 13:56:27'),('14947524-d43f-4d22-8128-3259bcc9df9d', 'Busca 40', True, True, 42, False, 131, 'user9@ong12.com', '2025-10-20 06:57:31');

-- Insert search_clicks
INSERT INTO search_clicks (id, search_metric_id, product_id, position, created_at) VALUES
('1e6552df-f7e7-4abb-8fc9-2a582cc6cdd9', '789bc3bc-b212-4f9c-9211-79d9836e790d', 35, 7, '2025-01-10 10:52:01'),('3b7be86c-c9b4-4563-b5af-56a053f652ed', '0c7e0519-8e08-4866-9b67-57e62e9aeb10', 1, 9, '2025-04-13 08:42:42'),('3c9a83a1-9546-4575-a3ff-4d04f3d435b8', 'a58ce440-bf32-4b90-a0db-42975be056e4', 28, 4, '2025-09-13 10:56:54'),('93dc50f7-4641-4476-b80f-7f9212dde240', '2bc665cb-aa63-4bc5-93ef-a9df9696939e', 20, 10, '2025-10-08 14:48:22'),('4e4f677e-0372-4f8e-9500-044939371599', '139e6581-89cf-4417-aacc-b561b154bf3d', 9, 2, '2025-11-01 03:12:16'),('ea8a6e24-6b48-41c0-9d8c-de2ea7c9674b', '139e6581-89cf-4417-aacc-b561b154bf3d', 31, 5, '2025-06-08 19:48:27'),('0a5a1ce8-3281-4625-872f-008ba7597d63', '139e6581-89cf-4417-aacc-b561b154bf3d', 8, 1, '2025-02-28 16:31:16'),('949de5ae-6042-4d73-94e0-6796fc348538', 'f34c6389-323b-4bfd-9f86-075809124443', 8, 10, '2025-07-10 04:44:18'),('a6ce1ced-165f-4f4e-a20c-2fd85d7af2a1', '39a57fd5-3354-4922-88a8-ee0722cffdda', 24, 1, '2025-05-06 20:28:58'),('c46a514f-f808-411b-ab27-c5878517b5e3', 'ea8633b5-a099-46e6-a2b8-84f2abafd4ab', 15, 2, '2025-10-07 13:40:03'),('03c51e0c-9e24-4f80-957a-4fc1c49f13c6', 'd0bc4fcc-97e6-4166-860d-aab653c09a07', 20, 10, '2025-04-06 00:24:09'),('9fc17f58-771d-4a38-a733-38b9b1b7cfdf', '965d8c36-ae09-479c-b6a6-c94230746683', 16, 4, '2025-02-15 17:13:52'),('e119a71f-5bf9-4b87-ba8d-9328d3004fcb', 'ce2ca430-6f11-48e4-928b-302de33f4d4f', 25, 9, '2025-01-22 20:24:21'),('f77944d3-ea74-4842-ba07-689b2b9a4206', '90d19b58-a677-457a-9411-392c866fdfec', 37, 7, '2025-04-22 22:47:54'),('b75c1dbe-3400-4eb7-bff8-7950757d68e9', '8c904aac-8237-4ac9-a389-f19807a4b182', 2, 5, '2025-01-23 23:29:48'),('42b90a76-eb6b-4dc2-9ff3-f269f945f01e', '0c23aac5-4c08-49f8-859b-64453f358e93', 3, 7, '2024-11-16 22:23:16'),('e5cd3e0a-6f55-4d7f-8a8f-087409cad6f7', '0276b982-fc33-4659-aef1-58ad12c3c282', 27, 6, '2025-05-26 00:31:57'),('792d1e71-61e5-4ecb-9ad8-1e31636c40b9', 'ce2ca430-6f11-48e4-928b-302de33f4d4f', 38, 7, '2025-06-15 03:49:42'),('b1f466c9-4ec9-4f8c-b36c-8f5773f9d5a3', '47fe9d8c-9072-42d9-942d-2014ffd590ab', 8, 5, '2025-07-08 22:51:49'),('dfbc7d31-9575-40d8-8cb9-d2f8cdb68762', 'ea8633b5-a099-46e6-a2b8-84f2abafd4ab', 5, 1, '2024-11-10 12:20:00'),('bd075511-66be-4223-aa49-8315b5d40790', '0babb23c-fb9f-45ae-b69d-cba360ea622a', 25, 2, '2025-09-13 12:39:01'),('a34d3d17-c2d0-436d-90ae-96a75d1020dd', '53dbee42-b240-4ab5-92ee-ddc21c626e17', 35, 9, '2025-03-07 11:30:21'),('b0e99c05-69c1-4608-a47c-e01f5ea2f76d', 'f34c6389-323b-4bfd-9f86-075809124443', 39, 2, '2025-05-09 17:14:24'),('9c07c5ae-8775-487d-93f8-d3164d53766a', '801353fb-37f5-41f9-af80-525fb89e3a28', 22, 3, '2024-12-23 20:16:55'),('11359bed-c2eb-4784-af86-87f65cbc4cab', 'ea8633b5-a099-46e6-a2b8-84f2abafd4ab', 24, 1, '2024-12-10 14:09:03'),('87cd0299-a963-4304-a73d-f058eb5751d8', '100900a7-e598-4209-950e-edd2dc7b5eec', 27, 3, '2024-11-26 15:14:01'),('88146d0e-8f35-4e9c-8260-5f7ec04b611f', 'cfb48946-3954-43a5-be8a-3f48e15090d4', 23, 5, '2025-06-28 08:07:54'),('2ff456c9-eeee-468a-9ad8-26a466ae0573', 'ce6b96ae-6bd4-4dff-967e-12950a9e4887', 3, 2, '2025-02-20 20:13:35'),('3f864f25-acd7-4e2e-b935-7fa7b2465474', 'e4b57637-1530-4dfe-a504-f0d60f4c8ed3', 18, 4, '2025-10-10 04:47:50'),('c8e077d1-3ebc-4ddd-b4a2-e18a9858b112', '2bc665cb-aa63-4bc5-93ef-a9df9696939e', 21, 2, '2025-08-17 02:57:08'),('caf08900-eee4-44fa-af0d-2c49f668e8fb', '618e2a8f-3074-438d-bcf3-a8d501d1786f', 9, 7, '2025-02-27 19:09:32'),('c50057ec-b749-44e3-bee6-171dd6e967c3', '47fe9d8c-9072-42d9-942d-2014ffd590ab', 6, 5, '2025-02-22 15:22:52'),('50c0bae4-4b5f-405a-8bdc-a837075afaf0', '90d19b58-a677-457a-9411-392c866fdfec', 13, 6, '2024-12-04 11:18:38'),('451e1ec6-def7-4242-a054-ae487be976e9', '1b6b4d04-bfab-4b83-b106-6b4dee0ccbd1', 21, 6, '2025-10-11 15:15:47'),('3558f12e-ad60-41c3-834d-e8d2cf696133', 'ce6b96ae-6bd4-4dff-967e-12950a9e4887', 19, 4, '2025-03-03 07:14:31'),('76b4fe88-402d-45c7-bf0f-745f2b06692c', 'e4b57637-1530-4dfe-a504-f0d60f4c8ed3', 35, 8, '2024-11-22 08:40:17'),('759025bd-4369-407e-8f90-1fb5916562d9', '0c23aac5-4c08-49f8-859b-64453f358e93', 35, 10, '2025-05-11 08:29:41'),('897208ca-7d9b-40d3-bbd8-7a12f6db4b70', '0c23aac5-4c08-49f8-859b-64453f358e93', 19, 8, '2025-08-04 01:23:14'),('cf901525-d8ef-4f81-b62b-e434b082b466', '4fa5e91a-2023-46b4-a55b-a4e2b0d0a5ee', 33, 7, '2025-08-12 17:47:50'),('5224619e-7550-4f15-b670-93bc316a1735', 'fe805e5c-1533-4467-8a9f-0b6d12c8c487', 17, 3, '2024-11-29 22:30:57');

